{"width": 1920, "height": 1080, "cx": 959.2491455078125, "cy": 505.5501403808594, "fx": 1375.5809326171875, "fy": 1375.2850341796875, "distortion model": "distortion.inverse_brown_conrady", "distortion coefficients": [0.0, 0.0, 0.0, 0.0, 0.0]}